{
    "short_name": "Student Community",
    "name": "Student Community",
    "icons": [
      {
        "src": "favicon.ico",
        "sizes": "64x64 32x32 24x24 16x16",
        "type": "image/x-icon"
      },
      {
        "src": "favicons/android-chrome-192x192.png",
        "type": "image/png",
        "sizes": "192x192"
      },
      {
        "src": "favicons/android-chrome-512x512.png",
        "type": "image/png",
        "sizes": "512x512"
      }
    ],
    "start_url": ".",
    "display": "standalone",
    "theme_color": "#000000",
    "background_color": "#ffffff"
  }